directory,file
01-core\A-agents,architect-agent-v3.md
01-core\A-agents,buganalyst-agent-v1.md
01-core\A-agents,developer-agent-v4.md
01-core\A-agents,devops-agent-v5.md
01-core\A-agents,planner-agent-v5.md
01-core\A-agents,testbuilder-agent-v1.md
01-core\A-agents,tester-agent-v3.md
01-core\B-experts,dr-typescript-agent-v1.md
01-core\B-experts,specialist-consultation-model.md
01-core\D-workflows,agent-handoff-prompts.md
01-core\D-workflows,multi-agent-workflow-v3.md
01-core\D-workflows,non-interactive-commands.md
01-core\E-checklists,api-testing-guide.md
01-core\F-processes,agent-reliability-framework.md
01-core\F-processes,multi-agent-workflow-v2.md
01-core\F-processes,retrospective-framework.md
01-core\G-agent-archive,architect-agent-v2.md
01-core\G-agent-archive,developer-agent-v2.md
01-core\G-agent-archive,developer-agent-v3.md
01-core\G-agent-archive,devops-agent-v2.md
01-core\G-agent-archive,planner-agent-prompt.md
01-core\G-agent-archive,planner-agent-v4.md
01-core\G-agent-archive,reviewer-agent-v2.md
01-core\G-agent-archive,reviewer-agent-v3.md
01-core\G-agent-archive,tester-agent-v2.md
05-backlog\A-accounts\list-view,T-009-simple.md
05-backlog\A-accounts\list-view,us-004-accounts-list.md
05-backlog\A-accounts\list-view,us-004-accounts-reports-technical-design.md
05-backlog\A-accounts\list-view,us-004-tasks.md
06-patterns\A-templates,nextjs-15-page-template.tsx
06-patterns\A-templates,README.md
06-patterns\D-specifications,master-navigation-concepts.md
07-operations\A-session-tracking,session-state.json
07-operations\A-session-tracking,session-state2.json
07-operations\B-critical-configs,structure.json
07-operations,sdlc-inventory.md
08-architecture\A-system,performance-deployment-strategy.md
08-architecture\A-system,refined-module-structure.md
08-architecture\B-domain,serviceable-items-extension.md
08-architecture\C-ui-ux,accounts-v1-interaction-design.md
08-architecture\C-ui-ux,efficiency-design-system.md
08-architecture\D-data-strategy,data-transition-strategy.md
09-archive\A-legacy-docs,scalable-artifact-system.md
.,README.txt